metal - metal-dao
rari - rarible
pyth - pyth-network
brock - brockchain
bnt - bancor-network-token
rak - rakuten-coin
ntx - netbox-coin
devve - defi-venture-capital
xoxno - xoxno-token
htr - holotoken
nos - nos-blockchain
pbr - polkabridge
wtk - wetoken
voxel - voxies
lvn - levantine-network
hon - holochain
loka - league-of-kingdoms-arena
kiba - kiba-inu
defi - decentralized-finance
palmai - palma-ai
wta - wintoken-alliance
2moon - 2moon-token
selo - celo-dollar
f3 - f3-token
tkai - taka-ai
maneki - maneki-neko-token
hbar - hedera-hashgraph
loom - loom-network
ar - augmented-reality-token
unm - unbound-money
razor - razor-network
ords - ordinals
bfic - bficon
snt - status-network-token
bake - bakeryswap-token
swash - swash
wstor - wrapped-stoner-cats
apn - apollon
snpt - snappy-token
unilapse - unilapse
zoon - zookeeper-token
dogita - dogita-coin
ever - evergrow-coin
ringai - ring-ai
sub - subsocial
handy - handy-token
ozone - ozone-network
myth - mythos
smileai - smile-ai-token
mitx - matic-network
tpro - tpro
misha - misha
fomo - fear-of-missing-out
aiakita - aiakita
gmrx - gmrx
gcoti - gcoti
ppc - ppc
hotkey - hotkey
brs - brs
khai - khai
fud - fud
ooki - ooki
mery - mery
df - df
boson - boson
zkid - zkid
skai - skai
dolz - dolz
tatsu - tatsu
nems - nems
surfboard - surfboard
ubx - ubx
nft - nft
syp - syp
gptv - gptv
plx - plx
aleo - aleo
wai - wai
tlos - tlos
rite - rite
berry - berry
insp - insp
ght - ght
pixfi - pixfi
tkb - tkb
atrs - atrs
six - six
iq - iq
lyum - lyum
ntrn - ntrn
opn1 - opn1
ant - ant
vista - vista
rbc - rbc
sts - sts
toad - toad
lag - lag
morra - morra
hypc - hypc
mubi - mubi
xmr - xmr
l3 - l3
bal - bal
rsr - rsr
swp - swp
iris - iris
mapo - mapo
xpla - xpla
ray - ray
idea - idea
glint - glint
emrld - emrld
nac - nac
aidoge - aidoge
param - param
sol - sol
mmt - mmt
aa - aa
greenbtc - greenbtc
lvl - lvl
tmng - tmng
bruh - bruh
scans - scans
skr - skr
kgb - kgb
ass - ass
hex - hex
mdx - mdx
juice - juice
nap - nap
ubdn - ubdn
muc - muc
sols1 - sols1
qi - qi
usbt – usbt
tbo – tbo
cok – cok
moew – moew
zigfaf – zigfaf
vtx – vtx
qlindo – qlindo
dogepepe – dogepepe
hrt – hrt
kda – kda
xen – xen
boring – boring
coge – coge
pnic – pnic
ptp – ptp
cbx – cbx
pogai - pogai
bbeer - bbeer
td - td
cns - cns
dogg - dogg
dovu - dovu
trump404 - trump404
inj - inj
spl - spl
eland - eland
arch - arch
crown2 - crown2
deve - deve
rvf - rvf
pxp - pxp
gel - gel
pando - pando
swap - swap
justice - justice
fio - fio
sats - sats
hifi - hifi
portuma - portuma
litt - litt
scottyai - scottyai
floyx - floyx
orng - orng
fear - fear
rekt - rekt
lamb - lamb
arbs - arbs
wait - wait
navx - navx
sera - sera
grph - grph
pepec - pepec
rlc - rlc
atnt - atnt
ref - ref
abond - abond
dobo - dobo
ondo - ondo
bdx - bdx
ear - ear
pepe - pepe
gsys - gsys
dka - dka
mnb – mnb
fsn – fsn
lixx – lixx
bvt – bvt
sabai – sabai
kang – kang
kpn – kpn
seilor – seilor
honor – honor
arkt – arkt
woof – woof
ex – ex
tgt – tgt
bond – bond
kru – kru
weebs – weebs
xeta – xeta
io – io
flux1 – flux1
sylo – sylo
crv – crv
bico – bico
uno – uno
cateeth – cateeth
vsys – vsys
tfi – tfi
acs – acs
nxtt – nxtt
lopes – lopes
dogwifhat – dogwifhat
fww – fww
dtrump – dtrump
cati – cati
etv – etv
atr – atr
velo – velo
mrmint – mrmint
gari – gari
lpt – lpt
idyp – idyp
mong – mong
mog – mog
nuts – nuts
mobx – mobx
sai1 – sai1
rog – rog
apd – apd
orai – orai
skop – skop
frgx – frgx
qdfi – qdfi
gobal  – gobal  
self  – self  
tanpin  – tanpin  
abc  – abc  
cheers  — cheers  
phil  — phil  
rodai  — rodai  
fort  — fort  
ego  — ego  
seda  — seda  
eg  — eg  
eyes  — eyes  
paal  — paal  
trias  — trias  
cai  — cai  
eq  — eq  
knoto — knoto
zkjo — zkjo
zelix — zelix
smog — smog
scrt — scrt
domo — domo
crf — crf
scm — scm
vics — vics
rik — rik
ksg — ksg
dc — dc
peng — peng
matrix — matrix
xx — xx
ltt — ltt
conv — conv
bhc — bhc
bcb — bcb
megahero — megahero
icnx — icnx
well — well
pmfy — pmfy
ape — ape
jup — jup
finblox — finblox
off — off
chippy — chippy
dope — dope
qtlx — qtlx
plah — plah
life — life
subf — subf
epx — epx
hulvin — hulvin
riwa — riwa
dogecoin - dogecoin
solbtc - solbtc
merl - merl
dextf - dextf
xert - xert
gold - gold
deep - deep
cgv - cgv
psub - psub
sakai - sakai
groove - groove
tremp - tremp
zrypto - zrypto
gmm - gmm
pkr - pkr
inscribe - inscribe
troll - troll
airi - airi
gtca - gtca
sys - sys
lee - lee
hava - hava
dova - dova
nym - nym
dorkl - dorkl
avax - avax
pepefloki - pepefloki
casp - casp
kiteai - kiteai
bspt - bspt
klaychain - klaychain
xwgt - xwgt
grail - grail
celr - celr
aigpt - aigpt
chatgpt - chatgpt
ceek - ceek
chkn – chkn
andybsc – andybsc
bbc – bbc
arv – arv
zk – zk
zcd – zcd
sui – sui
strike – strike
– nexo – nexo
– ada – ada
– orbi – orbi
– meow – meow
– wift – wift
– oeth – oeth
– lott – lott
– stpt – stpt
– nya – nya
– web3 – web3
– 3km – 3km
– parma – parma
– bomb – bomb
– canto – canto
– acx – acx
– runi – runi
– qorpo – qorpo
– cata – cata
– hive – hive
– eai – eai
– pdt – pdt
– neiro1 – neiro1
– blocx – blocx
– tao – tao
– omg – omg
– stx – stx
– erg – erg
– mnr – mnr
– cal – cal
– jan – jan
– y8u – y8u
– mvl – mvl
– kakaxa – kakaxa
– ainu – ainu
– nei  — nei  
htm  — htm  
minx  — minx  
munity  — munity  
snsy  — snsy  
the9  — the9  
fxst  — fxst  
ivfun  — ivfun  
cheerz  — cheerz  
acm  — acm  
wexo  — wexo  
mav  — mav  
vmint  — vmint  
sswp  — sswp  
eul  — eul  
mamba  — mamba  
arix — arix
netz — netz
xido — xido
sph — sph
fluff — fluff
fnct — fnct
sexy — sexy
dogs — dogs
hemule — hemule
hip — hip
bets — bets
eos — eos
conx — conx
pol — pol
gtavi — gtavi
sei — sei
mstr — mstr
dechat — dechat
future — future
bai — bai
trio — trio
com — com
mmy — mmy
nexa — nexa
dexe — dexe
ginnan — ginnan
exfi — exfi
w3f — w3f
p3d — p3d
gff — gff
aic — aic
melos — melos
ais — ais
gains — gains
k21 — k21
shark -- shark
zebul -- zebul
bitbull -- bitbull
wbtc -- wbtc
aura -- aura
al -- al
bvm -- bvm
metis -- metis
link -- link
zax -- zax
puppet -- puppet
bxx -- bxx
jason -- jason
nzero -- nzero
mana -- mana
xspectar -- xspectar
kine -- kine
mew -- mew
mdr -- mdr
cult -- cult
aih -- aih
mkc -- mkc
avtm -- avtm
bit1 -- bit1
evo -- evo
bax -- bax
upi -- upi
tidal -- tidal
kasta -- kasta
four -- four
shibx -- shibx
psp -- psp
wmn -- wmn
chrp -- chrp
mchc -- mchc
utk -- utk
taonu -- taonu
cad -- cad
lgbtq -- lgbtq
npc -- npc
vsx -- vsx
ads -- ads
coreum -- coreum
ooe -- ooe
algo -- algo
ssnc -- ssnc
irc -- irc
superai -- superai
bly-- bly
gstop-- gstop
tuxc-- tuxc
acd-- acd
ecoterra-- ecoterra
leo-- leo
gswift-- gswift
marsh-- marsh
aibb-- aibb
strm-- strm
islm-- islm
spot-- spot
peezy-- peezy
pendulum-- pendulum
deod-- deod
ncn-- ncn
x2y2-- x2y2
ont-- ont
xin-- xin
jenner-- jenner
cro-- cro
wing-- wing
blz-- blz
sweat-- sweat
bnx-- bnx
block-- block
xter-- xter
cirus-- cirus
polydoge-- polydoge
rtf-- rtf
cudos-- cudos
nai-- nai
colle-- colle
kat-- kat
avail-- avail
min-- min
multiai-- multiai
mao-- mao
koy-- koy
ubxs-- ubxs
iotx-- iotx
rvn-- rvn
kalis-- kalis
forward— forward
aiepkk— aiepkk
hsf— hsf
cwolf— cwolf
pigcoin— pigcoin
trx— trx
elg— elg
trade— trade
tubes— tubes
dfi— dfi
occ— occ
txa— txa
ali— ali
token— token
why— why
vidt— vidt
snap— snap
src— src
mogu— mogu
bna— bna
hft— hft
chonky— chonky
thl— thl
dcr— dcr
gzone— gzone
chz— chz
vai— vai
afo—afo
lave=lave
fac=fac
l1x=l1x
lith=lith
dons=dons
brcst=brcst
shill=shill
ban=ban
simpsonp=simpsonp
oggyeth=oggyeth
aos=aos
aip=aip
cyber=cyber
nest=nest
unb=unb
magic=magic
lpp=lpp
stepn=stepn
alva=alva
nblu=nblu
wifc=wifc
nexm=nexm
nodl=nodl
gleec=gleec
ngl=ngl
auto=auto
zst=zst
order=order
lemc=lemc
nfm=nfm
upc=upc
sparta=sparta
aya = aya
sx = sx
mogul = mogul
snrn = snrn
aitprotocol = aitprotocol
jen = jen
bdc = bdc
winr = winr
bicity = bicity
oil = oil
gas = gas
fanc = fanc
nuls = nuls
wsb = wsb
gq = gq
solama = solama
defx = defx
iq50 = iq50
saix = saix
pros - pros
mina - mina
uwon - uwon
mln - mln
fbt - fbt
novax - novax
sin - sin
cybonk - cybonk
derp - derp
octa - octa
bxc - bxc
darc - darc
vra - vra
cpfc - cpfc
ps - ps
cml - cml
fina - fina
dgc - dgc
catwif - catwif
catcoin - catcoin
rs - rs
brainlet - brainlet
uyab - uyab
wnt - wnt
syn - syn
w3s - w3s
fid - fid
rmv - rmv
polc - polc
mumu - mumu
mass - mass
uibt - uibt
bd20 - bd20
ulx - ulx
alex - alex
izi - izi
game - game
crtai - crtai
hai - hai
celt – celt
work – work
durov – durov
mon – mon
chwy – chwy
trava – trava
– storage – storage
– rndx – rndx
– vat – vat
– taboo – taboo
– ct – ct
– tcgc – tcgc
– gnfty – gnfty
– snoofi – snoofi
– fakt – fakt
– gtai – gtai
– cookie – cookie
– hf – hf
– hxd – hxd
– lb – lb
– poupe – poupe
– blt – blt
– clips – clips
– rpk – rpk
– ser – ser
– cens – cens
– aro – aro
– fund – fund
– seal – seal
– mbp – mbp
– sdex – sdex
– isp – isp
– dcard – dcard
– fact – fact
– stog – stog
– pays – pays
– syai – syai
– zent – zent
– ponke – ponke
– bnc – bnc
– ivpay — ivpay
ustc — ustc
basedai — basedai
cmps — cmps
milli — milli
vdao — vdao
orfy — orfy
tko — tko
rocki — rocki
burgereth — burgereth
wlth — wlth
bsw — bsw
walk — walk
hzndex — hzndex
w ncg — wncg
babyshark — babyshark
csix — csix
aimx — aimx
zyn — zyn
dpr — dpr
ngc — ngc
pig — pig
sgt — sgt
depc — depc
kata — kata
whaletx — whaletx
py1— py1
neuros— neuros
mxen— mxen
inv— inv
fave— fave
flix— flix
kendu— kendu
finc— finc
gummy— gummy
treeb— treeb
baju— baju
magapepe— magapepe
tlc— tlc
santos— santos
lit— lit
gibwork— gibwork
guild— guild
caw— caw
younes— younes
intr— intr
shit— shit
icp— icp
primal— primal
xec— xec
simpson— simpson
gm ai— gm ai
mblk— mblk
dogex— dogex
dcb— dcb
glq— glq
zam— zam
lion— lion
ftn— ftn
defrogs— defrogs
ele— ele
irl— irl
shinobi— shinobi
prq— prq
slp— slp
memepepe— memepepe
ewt— ewt
sbx— sbx
planets— planets
lf gai — lf gai
sqd — sqd
babygrok — babygrok
ethw — ethw
lki — lki
skill — skill
portal — portal
sat — sat
solympics — solympics
smiley — smiley
yay — yay
avg — avg
sdr — sdr
mooney — mooney
nct — nct
srm — srm
tonr — tonr
doge — doge
alm — alm
wnk — wnk
klv -- klv
ius -- ius
wen -- wen
cheq -- cheq
agg -- agg
ztx -- ztx
firo -- firo
kp3r -- kp3r
zix -- zix
cnc -- cnc
scotty -- scotty
gotg -- gotg
cdx -- cdx
ygg -- ygg
tokki -- tokki
trivia -- trivia
sko -- sko
zil -- zil
mmm -- mmm
ese -- ese
shido -- shido
cbai -- cbai
tlm -- tlm
ret -- ret
ofn -- ofn
fibo -- fibo
bump -- bump
strip -- strip
dragon404 -- dragon404
fitfi -- fitfi
memeha1 -- memeha1
wukong -- wukong
dxd -- dxd
mavia -- mavia
pepe i-- pepe i
mrst-- mrst
agld-- agld
change-- change
tru1-- tru1
bozo-- bozo
poolx-- poolx
unp-- unp
milk-- milk
savm-- savm
keke-- keke
mmvg-- mmvg
apex-- apex
dcc-- dcc
genome-- genome
dyp-- dyp
panda-- panda
swingby-- swingby
plex-- plex
mwcc-- mwcc
drn-- drn
nrk-- nrk
lrt-- lrt
basedoge-- basedoge
myst-- myst
smart-- smart
atc-- atc
kai-- kai
skya-- skya
reach-- reach
alu-- alu
geno-- geno
gpuminer-- gpuminer
x pnet-- x pnet
mode-- mode
grokai-- grokai
arpa-- arpa
smars-- smars
bcai-- bcai
velodrome-- velodrome
prx-- prx
gegs-- gegs
pepa-- pepa
rpl-- rpl
hide-- hide
wminima-- wminima
diko--- diko
deeznuts--- deeznuts
doge2--- doge2
aes--- aes
pel--- pel
grand--- grand
kmno--- kmno
strk--- strk
pgn--- pgn
omn--- omn
blok--- blok
ppt--- ppt
astr--- astr
bomexai--- bomexai
tgpt--- tgpt
pepemaga--- pepemaga
fncy--- fncy
rwa--- rwa
a8--- a8
bch--- bch
dom--- dom
yfi--- yfi
aai--- aai
gominig --- gominig
mirx --- mirx
xrp --- xrp
meer --- meer
asto --- asto
senso --- senso
zee --- zee
feg --- feg
wnxm --- wnxm
sov --- sov
bin --- bin
lf --- lf
dsc --- dsc
bcp --- bcp
kermit --- kermit
fnf --- fnf
idex --- idex
dora --- dora
doginme --- doginme
mntl --- mntl
niza --- niza
multi --- multi
ginux --- ginux
lunc --- lunc
simpsonmaga --- simpsonmaga
tkd --- tkd
flm --- flm
warp --- warp
people --- people
aleph - aleph
hosky - hosky
biofi - biofi
sps - sps
por - por
rxd - rxd
emr - emr
magashib - magashib
vpr - vpr
punkai - punkai
atlas - atlas
sgb - sgb
gmpd - gmpd
oodles - oodles
qtz - qtz
pac - pac
sand - sand
elmo - elmo
sost - sost
prisma - prisma
xpr - xpr
spc - spc
juld - juld
mfer - mfer
psg - psg
beamx - beamx
xrpaynet - xrpaynet
kinic - kinic
stat - stat
sushi - sushi
vgx - vgx
bxen - bxen
nex - nex
dot - dot
layerbtc - layerbtc
cvn - cvn
xym — xym
neirotron — neirotron
jgn — jgn
dt — dt
teslai — teslai
pivx — pivx
sxp — sxp
smurfcat — smurfcat
cloudai — cloudai
nmd — nmd
cgt — cgt
crown — crown
agii — agii
noded — noded
aipay — aipay
abey — abey
ena — ena
umb — umb
infra — infra
cau — cau
pizza1 — pizza1
karate— karate
sln— sln
vrl— vrl
doggy— doggy
pega— pega
ksm— ksm
gvl— gvl
apedbase— apedbase
pth— pth
mmit— mmit
xui— xui
apes— apes
revv— revv
nftcloud— nftcloud
lai— lai
mask— mask
fo— fo
ctf— ctf
dra— dra
spa— spa
pepe1— pepe1
furucombo— furucombo
hns— hns
id— id
bill— bill
rare— rare
hut— hut
itgr— itgr
kom— kom
onefinity— onefinity
aergo— aergo
ach— ach
cyberarena— cyberarena
xar— xar
come— come
gaga— gaga
btm— btm
notes— notes
xb— xb
mockjup— mockjup
andy— andy
loe— loe
borzoi— borzoi
arrr— arrr
smole — smole
og — og
gns — gns
candy — candy
ccd — ccd
zen — zen
qubic — qubic
greg — greg
sfe — sfe
apt — apt
nlc — nlc
zpay — zpay
ghub — ghub
heli — heli
foxify — foxify
bidp — bidp
time – time
swth – swth
vext – vext
for – for
dodo – dodo
pork – pork
wmt – wmt
plyr – plyr
tfuel – tfuel
forth – forth
core – core
trumpcat1 – trumpcat1
lava – lava
owner – owner
vpp – vpp
amb – amb
xb blaze– xb blaze
xzk– xzk
wacme– wacme
deri– deri
cetus– cetus
geod– geod
ncdt– ncdt
orn j– orn j
hello– hello
memecup– memecup
gta– gta
pcx– pcx
clip– clip
mnt– mnt
igup– igup
grokcat– grokcat
mrs– mrs
shroom– shroom
mtc– mtc
fyn– fyn
pump– pump
habibi– habibi
ole– ole
cweb– cweb
pnk– pnk
bubble– bubble
arty– arty
evr– evr
alpha– alpha
png– png
warped– warped
ivex – ivex
hdro – hdro
zeta – zeta
aia – aia
pooh – pooh
scb – scb
payu – payu
ocb – ocb
nfe – nfe
chex – chex
img nai – img nai
trum coin -- trum coin
arbgpt -- arbgpt
joystream -- joystream
safe4 -- safe4
skl -- skl
bobo -- bobo
gst -- gst
basex -- basex
xcad -- xcad
dck -- dck
lumos -- lumos
sols -- sols
xel -- xel
pck -- pck
chess -- chess
brn -- brn
han -- han
letit -- letit
bag -- bag
aicode -- aicode
vcf -- vcf
aipepe -- aipepe
jto -- jto
wbrge -- wbrge
cntm -- cntm
davinci - davinci
quint - quint
swo - swo
fast - fast
twif - twif
lblock - lblock
exgo - exgo
homs - homs
cere - cere
net - net
pndc - pndc
ame - ame
nlink - nlink
fighteth - fighteth
sup - sup
mbd - mbd
wi-hf - wi-hf
xtz - xtz
evmos - evmos
axo - axo
vmpx - vmpx
xxx - xxx
sta - sta
babyneiro - babyneiro
elon - elon
iron - iron
duko - duko
mc-cheese - mc-cheese
dydx - dydx
bscs - bscs
suip - suip
zigap - zigap
blast - blast
dxgm - dxgm
navi - navi
jam - jam
bllb - bllb
source - source
ambo - ambo
bunny - bunny
beer - beer
smartcat - smartcat
gone - gone
infi - infi
tfbx - tfbx
evdc - evdc
cat1 - cat1
sundae - sundae
doga - doga
blur – blur
– edu – edu
– gods – gods
– catboy – catboy
– bel – bel
– orn – orn
– epiko – epiko
– bone – bone
– jco – jco
– one – one
– alpine – alpine
– ub-sn – ub-sn
– yourai – yourai
– e – e
– npcs – npcs
– kunci – kunci
– nim1 – nim1
– rune – rune
– pacoin – pacoin
– xswap – xswap
– azur – azur
– epik – epik
– nibi – nibi
– phb – phb
aipad — aipad
wbc — wbc
svl — svl
chmpz — chmpz
top — top
peel — peel
babybonk — babybonk
spell — spell
laika — laika
vela — vela
hot — hot
nkn — nkn
aicore — aicore
cph — cph
gene — gene
saros — saros
wefi — wefi
pepecommunity — pepecommunity
pry — pry
hpo — hpo
maxity — maxity
wr — wr
babytrump — babytrump
btc2 — btc2
bssb — bssb
xcn — xcn
copi— copi
dsync— dsync
lista— lista
isk— isk
spfc— spfc
x— x
walv— walv
dar— dar
msheesha— msheesha
cream— cream
peipei— peipei
bebe— bebe
sprt— sprt
punk1210— punk1210
ghst— ghst
bzz— bzz
nb— nb
vana— vana
dmt— dmt
amp— amp
rebd— rebd
watersol— watersol
rake— rake
polis— polis
befe— befe
eden— eden
mg8— mg8
redo— redo
zrx— zrx
dfc— dfc
dci— dci
sparklet— sparklet
tcat— tcat
sama— sama
sparta1— sparta1
ordi— ordi
pbux— pbux
batsean— batsean
emp— emp
root— root
calcium— calcium
tur-t — tur-t
meto— meto
gui— gui
gtcoin— gtcoin
caga — caga
mille — mille
covn — covn
black — black
cspr — cspr
alph — alph
cswap — cswap
grv — grv
voltage — voltage
fb — fb
pu mlx — pu mlx
not — not
blade — blade
astro — astro
rpg -- rpg
fuse -- fuse
unfi -- unfi
second -- second
bars -- bars
spiz -- spiz
udao -- udao
ing -- ing
tsugt -- tsugt
stbu -- stbu
sccp -- sccp
cu -- cu
rnt -- rnt
poodl -- poodl
arb -- arb
xcv -- xcv
lat -- lat
dzoo -- dzoo
giga -- giga
steth -- steth
bho -- bho
skydrome -- skydrome
trc -- trc
bc -- bc
nrg -- nrg
fan -- fan
arker -- arker
arg-- arg
gorple-- gorple
kbc-- kbc
lsd-- lsd
retik-- retik
gfal-- gfal
asmatch-- asmatch
clv-- clv
xls-- xls
xvs-- xvs
insur-- insur
did-- did
nabox-- nabox
lunarcat-- lunarcat
euri-- euri
boby-- boby
miggles-- miggles
pikaboss-- pikaboss
elondoge-- elondoge
gege-- gege
pha-- pha
smr-- smr
tribe-- tribe
freedom-- freedom
pax-e-- pax-e
catman-- catman
quick-- quick
doggo-- doggo
bitboard-- bitboard
whale-- whale
bscbb-- bscbb
ava-- ava
mlxc-- mlxc
gmx-- gmx
gome-- gome
iost-- iost
twt-- twt
wx-- wx
sct-- sct
renq-- renq
rad-- rad
btcfi-- btcfi
fury-- fury
via-- via
gochu-- gochu
rixen-- rixen
glmr-- glmr
ladys-- ladys
ethpad--- ethpad
rk c--- rk c
o4dx--- o4dx
wuf--- wuf
babysora--- babysora
vemp--- vemp
huahua--- huahua
egax--- egax
dick--- dick
dice--- dice
arc--- arc
kim--- kim
seam--- seam
bnb--- bnb
cofee--- cofee
zro--- zro
rif--- rif
o3--- o3
thol--- thol
fightrump--- fightrump
doai--- doai
etn--- etn
cate--- cate
moni--- moni
crt--- crt
oddz--- oddz
ulti--- ulti
mpc --- mpc
avalox --- avalox
kt c --- kt c
maf --- maf
game2 --- game2
vv --- vv
carr --- carr
adog --- adog
c98 --- c98
nvx --- nvx
nht --- nht
mfet --- mfet
gcake --- gcake
spike --- spike
mngl --- mngl
iro --- iro
sos --- sos
bad --- bad
roco --- roco
sora --- sora
wild --- wild
sml --- sml
thn --- thn
t --- t
billy --- billy
paired --- paired
yfii --- yfii
nws --- nws
lovesnoopy --- lovesnoopy
abys --- abys
hac --- hac
edlc --- edlc
pepex --- pepex
evadore --- evadore
hktm --- hktm
lynx --- lynx
bdrop ---- bdrop
flr ---- flr
spt ---- spt
zpc ---- zpc
tribl - tribl
jwif - jwif
scar - scar
towel i - towel-i
cwa - cwa
oggybsc - oggybsc
ankr - ankr
cly - cly
turbo1 - turbo1
meme - meme
tom - tom
landshare - landshare
sonne - sonne
catch - catch
bat - bat
lbc - lbc
elix - elix
storj - storj
netvr - netvr
swgt - swgt
memeai - memeai
gmr - gmr
blast1 - blast1
lsdcoin - lsdcoin
mmui - mmui
mk r - mk r
cfn - cfn
sfund - sfund
n2t - n2t
amo - amo
hgt - hgt
flame - flame
3ull - 3ull
ctn - ctn
popcat - popcat
joy - joy
dua - dua
exvg - exvg
msb - msb
– ens – ens
– husl – husl
– lunarlens – lunarlens
– red – red
– cbpay – cbpay
– xfi – xfi
– lndx – lndx
– pyr – pyr
– meld – meld
– turbo – turbo
– tes – tes
– tomi – tomi
– snek – snek
– alpaca – alpaca
– acq – acq
– si – si
– moonft – moonft
– sbr – sbr
– clashub – clashub
– mcontent – mcontent
– gut – gut
– sudo – sudo
– mars4 – mars4
– rgame – rgame
– pip – pip
– frc – frc
– anc – anc
– kabosueth – kabosueth
– guru – guru
– spool – spool
– simp – simp
– mcc – mcc
hnb — hnb
nftart — nftart
gora — gora
kishka — kishka
tuna — tuna
qrl — qrl
opul — opul
mtpe — mtpe
efc — efc
apu — apu
tbank — tbank
paw — paw
pgpt — pgpt
bst — bst
ctk — ctk
kai1 — kai1
trondog — trondog
ctp — ctp
oft — oft
inter — inter
bpriva — bpriva
wolfs — wolfs
reap — reap
tsuka — tsuka
igu — igu
bmt — bmt
bdp — bdp
sfl — sfl
trump2024 — trump2024
gmee — gmee
gamebud — gamebud
awt — awt
souls — souls
vuzz — vuzz
capo — capo
witch — witch
magadoge — magadoge
kabosu — kabosu
moca — moca
atom — atom
htx — htx
kfi — kfi
xai — xai
kzen — kzen
bar777— bar777
otacon— otacon
htt— htt
kishu— kishu
lina— lina
mmtr— mmtr
mudol2— mudol2
soph— soph
asc— asc
brcx— brcx
jsm— jsm
wft— wft
perp— perp
grow— grow
fuku— fuku
mcoin— mcoin
blendr— blendr
bxn— bxn
love— love
kbd— kbd
libs— libs
tori— tori
pasg— pasg
ai— ai
ton— ton
cpu— cpu
ccc— ccc
rebus— rebus
vet— vet
box— box
unice— unice
beta— beta
aix— aix
rdex— rdex
oct— oct
cbk— cbk
hipp— hipp
guufy— guufy
becx— becx
combo— combo
zcx— zcx
opn— opn
msi— msi
reef— reef
weco— weco
cavada— cavada
pstake -- pstake  
hc -- hc  
bluesale -- bluesale  
wusd -- wusd  
slf -- slf  
egc -- egc  
moodeng -- moodeng  
bbq -- bbq  
kuji -- kuji  
etc -- etc  
bookofbase -- bookofbase  
ghx -- ghx  
fmxen -- fmxen  
gmm t-- gmm
usdp -- usdp  
liquidium -- liquidium  
nrdc -- nrdc  
paras -- paras  
xnk -- xnk  
etr -- etr  
dep -- dep  
zrs -- zrs  
kitty1 -- kitty1
mongy -- mongy
virtual -- virtual
bob -- bob
mts -- mts
hi -- hi
cd fi -- cd fi
gf ly -- gf ly
htk -- htk
azero -- azero
ltd -- ltd
vex -- vex
gala -- gala
wemix -- wemix
lovely -- lovely
far -- far
ballz -- ballz
eoc - eosc  
sc - scf  
hol - hodl  
spl - sprl  
pugy - puggy  
cr - crh  
iox - ionx  
boex - bomex  
nw - nwc  
da - dat  
btbam - btcbam  
tii - tifi  
pee2 - pepe2  
stff - stuff  
raa - raca  
gp1 - gpu1  
be - beg  
cyepe - cypepe  
drams - dreams  
reo - revo  
cr- cr  
taa - tama  
mea - mefa  
krm - krom  
mt - mtv  
fc2 - fct2  
mnc - mntc  
ki - kin  
prpc - propc  
foa - fora  
soav - solav  
svn - svpn  
cv - cvp  
moher - mother  
et - eth  
db - dbc   
gd – gdt    
cwr – cwar    
wg – wgt    
cx – cxt    
il – ilv    
wl – wld    
shtcoin – shitcoin    
sts – stos    
zeh – zeph    
opi – opai    
lc – lci    
ako – akro    
hoer – homer    
np – npt    
ss – ssv    
rc– rc    
bs – bsa    
wesh – welsh    
sh – shc    
jpg – jpeg    
irna – irena    
trf – truf    
tl – tlf    
flkiai – flokiai   
fn — fun   
xp2 — xrp2   
rb — rab   
zrc — zerc   
ai — agi   
sao — sdao   
ft — ftt   
lst — lost   
avo — aevo   
bot — bdot   
qack — quack   
wz — wnz   
sul — soul   
ba — bla   
wxl — waxl   
tyb — tryb   
bt — bxt   
xx — xpx   
niro — neiro      
xm — xlm      
ct — cat      
mpcoin — mbpcoin      
ort — oort      
zzalu — zuzalu      
hve — hyve      
u — ub      
ao — ago      
va — vda      
snpepe — sunpepe      
udm — usdm      
otp — ontp      
gok — grok      
mn — mcn      
sia — shia      
kl — krl      
lfc — lufc      
sartbox — smartbox      
tm — ttm      
xp — xhp      
sacepi — spacepi      
bnqi — benqi      
cp — cap      
rn — ren      
oh — och      
ulink— uxlink     
alu— valu     
ave— aave     
mosh— mmosh     
uel— fuel     
st— ast     
om— nom     
ege— hege     
bel— abel     
epeai— pepeai     
repe— crepe     
cat— 1cat     
ft— bft     
aha— haha     
dog— wdog     
awswap— pawswap     
xs— fxs     
p— op     
zn— hzn     
atheon— catheon     
olx— solx     
ppy— sppy     
— w     
mma— umma     
abi— rabi     
lokiceo— flokiceo     
ols— pols     
mc— emc     
og— gog     
rrow— arrow     
ivn— pivn     
om— hom     
ax— gax     
ltlayer— altlayer     
lerf— slerf     
odex— xodex     
mt— smt     
ogeverse— dogeverse     
eart— heart     
sl— psl     
era— aera     
rds— srds     
ifsa— wifsa     
lt -- mlt   
ara -- fara   
esbian -- lesbian   
olo -- solo   
oil -- soil   
ld -- uld   
epindao -- depindao   
gccheese -- mgccheese   
as -- kas   
ittenwif -- kittenwif   
inu -- dinu   
crt -- mcrt   
tc -- ctc   
usk -- dusk   
anker -- ranker   
tnd -- stnd   
vpn -- xvpn   
aro -- maro   
ightpepe -- fightpepe   
ab -- lab   
lice -- alice   
et -- met   
ite -- vite   
nz -- fnz   
vx -- cvx   
fyn -- dfyn   
eckoavax -- geckoavax   
lanet -- planet   
osmic -- cosmic   
epecoin -- pepecoin   
rl -- grl   
ar -- bar   
kp -- zkp   
onk -- honk   
ktc -- pktc   
atex -- patex   
arry -- harry   
rvl -- trvl   
asecoin -- basecoin   
iri -- ciri   
uki -- auki   
rac -- trac   
ake -- cake   
ta -- cta   
ooshi -- yooshi   
str -- nstr   
aga -- saga   
gh -- dgh   
mg -- amg   
as -- cas   
igentx-- aigentx   
ogv-- ogv       
michi-- michi       
kdg-- kdg       
pond-- pond       
lazio-- lazio       
kmon-- kmon       
wsi-- wsi       
lumi-- lumi       
kwenta-- kwenta       
ldy-- ldy       
pch-- pch       
xwg-- xwg       
trump-- trump       
simpsontrump-- simpsontrump       
yfx-- yfx       
stitch-- stitch       
wojak-- wojak       
ethfi-- ethfi       
metahero-- metahero       
jasmy-- jasmy       
nxra-- nxra       
near-- near       
ad-- ad       
lemn-- lemn       
cty-- cty       
grt-- grt       
zkb-- zkb       
sauce-- sauce       
ern-- ern       
lnq-- lnq       
litho-- litho       
cho-- cho       
aiat-- aiat       
amd-- amd       
rbt-- rbt       
ddmt-- ddmt       
bbl-- bbl       
area-- area       
krest-- krest       
tonup-- tonup        
cbab--- cbab           
kicks--- kicks           
kaka--- kaka           
pem--- pem           
anon--- anon           
amc--- amc           
sia--- sia           
falx--- falx           
zurr--- zurr           
sfc--- sfc           
pmg--- pmg           
elonmars--- elonmars           
akita--- akita           
omi--- omi           
bwb--- bwb           
ae--- ae           
starl--- starl           
wrt--- wrt           
real--- real           
egg--- egg           
andr--- andr           
synt--- synt           
papu--- papu           
job--- job           
ans--- ans           
wsg--- wsg           
ss20--- ss20          
fog--- fog          
ipmb--- ipmb          
hard--- hard          
dcm--- dcm          
orare--- orare          
del--- del          
mdi--- mdi          
meme314--- meme314          
gofi--- gofi          
dop--- dop          
osmo--- osmo          
kls--- kls          
awo--- awo          
brise--- brise          
hpepe--- hpepe          
shitc --- shitc         
fine --- fine         
ftr --- ftr         
azit --- azit         
sei yan --- sei yan         
rel --- rel         
ypred --- ypred         
titan --- titan         
hopr --- hopr         
okt --- okt         
frts --- frts         
sge --- sge         
beep --- beep         
klay --- klay         
dego --- dego         
gcat --- gcat         
notai --- notai         
pox --- pox         
wmo xy --- wmo xy         
taxfarm --- taxfarm
ronc - ronc  
squad - squad  
porto - porto  
favr - favr  
mengo - mengo  
mtrg - mtrg  
yido - yido  
waffles - waffles  
pokemon - pokemon  
ord - ord  
beam - beam  
sbcc - sbcc  
steam - steam  
nfp - nfp  
kava - kava  
jewel - jewel  
crgpt - crgpt  
mas - mas  
robo - robo  
juc - juc  
aventisai - aventisai  
star - star  
hop - hop  
golc - golc  
uma - uma  
sofi - sofi  
wd - wd  
bonk2 - bonk2  
0xnetwork - 0xnetwork  
antt - antt  
pda - pda  
btcmt - btcmt   
shibai – shibai    
bonk – bonk    
port3 – port3    
cennz – cennz    
blastup – blastup    
zack – zack    
rei – rei    
qtum – qtum    
hund – hund    
etp – etp    
dd – dd    
kilt – kilt    
xels – xels    
bow – bow    
flow – flow    
magaa – magaa    
nub – nub    
fevr – fevr    
cws – cws    
clgo – clgo    
ttt – ttt    
bigtime – bigtime    
derpdex – derpdex    
land – land    
bsv – bsv    
mma – mma    
wwy – wwy    
aitech – aitech    
sxch – sxch    
ai2 – ai2    
btn – btn    
muncat – muncat   
1inch — 1inch   
frokai — frokai   
pogs — pogs   
toms — toms   
acria — acria   
tox — tox   
gorilla — gorilla   
colt — colt   
mdt — mdt   
gfi — gfi   
rfrm — rfrm   
waves — waves   
pit — pit   
pixel — pixel   
ride — ride   
swio — swio   
dym — dym   
wxm — wxm   
xrph — xrph   
luis — luis      
msn — msn      
nutz — nutz      
slt — slt      
blub — blub      
loaf — loaf      
omz — omz      
bct — bct      
shx — shx      
degen — degen      
tgram — tgram      
rdnt — rdnt      
sersh — sersh      
doge1 — doge1      
ark — ark      
terra — terra      
mayhem— mayhem     
xpet— xpet     
dogelon— dogelon     
monke— monke     
cvtx— cvtx     
plmc— plmc     
hgen— hgen     
xone— xone     
aur— aur     
gpt— gpt     
babydoge— babydoge     
bum— bum     
petoshi— petoshi     
anyone— anyone     
nav— nav     
oxt— oxt     
los— los     
lever— lever     
golf— golf     
agro— agro     
nao— nao     
gm— gm     
sns— sns     
gaia— gaia     
frbk— frbk     
vip— vip     
mlc— mlc     
nmr— nmr     
hamburglar— hamburglar     
zzz— zzz     
dis— dis     
ath— ath     
rfl— rfl     
xr— xr     
trum pepe— trum pepe     
astra— astra     
smilek— smilek     
khabylame— khabylame     
prcl -- prcl   
leox -- leox   
fwog -- fwog   
xchng -- xchng   
kube -- kube   
ngh -- ngh   
push -- push   
stake -- stake   
cby -- cby   
dan -- dan   
rmt -- rmt   
cdt -- cdt   
xrpc -- xrpc   
cgpt -- cgpt   
bnbs -- bnbs   
cair -- cair   
steem -- steem   
fand -- fand   
jet -- jet   
pbo -- pbo
nls -- nls
xvg -- xvg
rwx -- rwx
lba -- lba
slim -- slim
alt -- alt
gef -- gef
orm -- orm
aped -- aped
knine -- knine
ebt -- ebt
lol -- lol
zbcn -- zbcn
vr -- vr
rez -- rez
lcg -- lcg
cls -- cls
dogeai -- dogeai
goku -- goku
prtg -- prtg
fn -- fn
zex -- zex
mnft -- mnft
gec -- gec
tea -- tea
nyan -- nyan
lan -- lan
bits-- bits
snx-- snx
pundu-- pundu
gfy-- gfy
dappx-- dappx
cobp-- cobp
magapepe1-- magapepe1
gode-- gode
usdc-- usdc
coti-- coti
xdag-- xdag
fias-- fias
5ire-- 5ire
dgi-- dgi    
kripto-- kripto    
analos-- analos    
buz-- buz    
zkf-- zkf    
artfi-- artfi    
fightmaga-- fightmaga    
dev-- dev    
moon-- moon    
gkappa-- gkappa    
fpft-- fpft    
chax-- chax    
satox-- satox    
sald-- sald    
bigpump-- bigpump    
dpaw-- dpaw     
pepexa i--- pepexa i         
zorro--- zorro         
gtajr--- gtajr         
gear--- gear         
jolt--- jolt         
hao--- hao         
uds--- uds         
jun o--- jun o         
duel--- duel         
bb--- bb         
tnsr--- tnsr         
icpx--- icpx         
jizzlord--- jizzlord         
omn om--- omn om         
tpu--- tpu         
pixl--- pixl         
apfc--- apfc         
ksc--- ksc         
plb--- plb         
c4e--- c4e         
lends--- lends         
gno--- gno         
umee--- umee         
hoppy--- hoppy         
aaa--- aaa         
sex --- sex        
bnry --- bnry        
mega --- mega        
creo --- creo        
degod --- degod        
brct --- brct        
harambe --- harambe        
rbx --- rbx        
pnwr --- pnwr        
moov --- moov        
karrat --- karrat        
smx --- smx        
shib --- shib        
fit --- fit        
emt --- emt        
ox --- ox        
three --- three        
lobo --- lobo       
senate --- senate       
brbc --- brbc       
kenka --- kenka       
404a --- 404a       
omax --- omax       
earn --- earn       
nctr --- nctr       
jinko --- jinko       
dks --- dks       
dog --- dog       
oraix --- oraix       
soon --- soon       
num --- num       
trumaga --- trumaga       
bull --- bull       
memetoon --- memetoon       
comp --- comp       
vrc --- vrc       
xdao --- xdao       
ong --- ong       
tttu --- tttu       
jones --- jones       
sunwukong --- sunwukong       
xmx --- xmx       
sweep --- sweep       
zetr ix--- zetr ix       
xtm --- xtm       
dao --- dao       
lmwr --- lmwr       
render --- render       
stg --- stg       
golden --- golden       
cleo --- cleo       
raincoin --- raincoin       
psps --- psps       
food --- food       
neko --- neko       
hst ---- hst          
rly ---- rly          
1ex ---- 1ex          
fida ---- fida          
nebl ---- nebl          
like ---- like          
a4m ---- a4m          
api3 ---- api3          
spikesol ---- spikesol          
qube ---- qube          
xch ---- xch          
rbx1 ---- rbx1          
route ---- route          
xna ---- xna          
vtrading ---- vtrading          
sdn ---- sdn          
monie ---- monie          
space ---- space          
qdt ---- qdt          
king ---- king          
cloud ---- cloud          
vic ---- vic          
okb ---- okb          
sharkcat ---- sharkcat          
spid ---- spid          
rats ---- rats          
fp ---- fp          
vsc ---- vsc          
hegic ---- hegic          
bome2 ---- bome2          
index ---- index          
xaut ---- xaut          
spol ---- spol          
tbk ---- tbk          
bist ---- bist          
qnt ---- qnt          
venom ---- venom          
deb ---- deb          
bls ---- bls          
city---- city           
asm---- asm           
uft---- uft           
ring---- ring           
afc---- afc           
updog---- updog           
rain---- rain           
aast---- aast           
hnt---- hnt           
aq la---- aq la           
kpc---- kpc           
hmnd---- hmnd           
elda---- elda           
spurdo---- spurdo           
olea---- olea           
pokt---- pokt           
axs---- axs           
hapi---- hapi           
ats---- ats           
odin---- odin           
dcd---- dcd           
dag---- dag           
mail---- mail           
mazz e---- mazz e           
omc---- omc           
mir---- mir           
hif---- hif           
babylong---- babylong           
obicoin---- obicoin           
blp---- blp           
blockasset---- blockasset           
icloud---- icloud           
new----- new             
mev----- mev             
son----- son             
bccoin----- bccoin             
sd----- sd             
jset----- jset             
qtk----- qtk             
kama----- kama             
fastai----- fastai             
xep----- xep             
durev----- durev             
mxm----- mxm             
mochi----- mochi             
sclp----- sclp             
pendle----- pendle             
bitci----- bitci             
eon----- eon             
lif3----- lif3             
ajun----- ajun             
mex----- mex             
man----- man             
wat63----- wat63             
oshi----- oshi             
mee----- mee             
dose----- dose             
lqdx----- lqdx             
maga----- maga             
shredn----- shredn             
mvx----- mvx             
dsla----- dsla             
cel ----- cel            
lqty ----- lqty            
tyt ----- tyt            
sauber ----- sauber            
masa ----- masa            
gpt1 ----- gpt1            
farm ----- farm            
ett ----- ett            
qgov ----- qgov            
zano ----- zano            
ain ----- ain            
biza ----- biza            
snft ----- snft            
xusd ----- xusd            
mobile ----- mobile            
tiny ----- tiny            
creta ----- creta            
lime ----- lime            
harambeai ----- harambeai            
mind ----- mind            
foxsy ----- foxsy            
andyeth ----- andyeth            
tara ----- tara            
voip ----- voip            
icenetwork ----- icenetwork            
bl00p ----- bl00p            
strx ----- strx            
pandadao ----- pandadao            
rat ----- rat            
style ----- style            
ict ----- ict            
egon ----- egon            
mtr ----- mtr            
iqt ----- iqt            
inst ----- inst            
gau ----- gau            
codai ----- codai            
magaeth ----- magaeth            
biao ----- biao            
gtc ----- gtc            
mbl ----- mbl            
sking ----- sking            
orbk ------ orbk              
lima ------ klima              
et ------ fet              
pec ------ spec              
hiryo ------ shiryo              
ever ------ never              
oge20 ------ doge20              
ldy ------ yldy              
ngelpepe ------ angelpepe              
fo ------ ufo              
rops ------ props              
ossie ------ bossie              
atix ------ natix              
cpt ------ scpt              
qt ------ wqt              
ki ------ aki              
nibot ------ unibot              
ai ------ dai              
ank ------ tank              
am ------ ham              
ovr ------ movr              
en ------ ben              
gy ------ ogy              
lx ------ flx              
etav ------ metav              
fd ------ rfd              
inja ------ ninja               
badger------ badger               
nftc------ nftc               
pel f------ pel f               
dione------ dione               
wit------ wit               
sync------ sync               
wif------ wif               
oracle------ oracle               
ait------ ait               
neuro------ neuro               
btr------ btr               
daddy------ daddy               
tx20------ tx20               
tenet------ tenet               
boba------ boba               
rplay------ rplay               
rst------ rst               
zz------ zz               
mcb------ mcb               
the------ the               
bb f------ bb f               
fight------ fight               
pro------ pro               
imx------ imx               
mtvt------ mtvt               
fakeai------ fakeai               
wjxn------ wjxn               
wolf------ wolf               
minu------ minu               
dtec------ dtec               
xrd------ xrd               
svn------ svn               
myria------ myria               
abds------- abds                
sfp------- sfp                
hgpt------- hgpt                
sato------- sato
kcs - kcs  
shib2 - shib2  
cdoge - cdoge  
doodoo - doodoo  
ryo - ryo  
early - early  
metfi - metfi  
blaze - blaze  
kar - kar  
fore - fore  
trcl - trcl  
blankv2 - blankv2  
hook - hook  
mage - mage  
weeth - weeth  
stash - stash  
toke - toke  
hashai - hashai  
mth - mth  
wrld - wrld  
wrat - wrat  
blues - blues  
ndc - ndc  
aca - aca  
arkm - arkm  
dxs - dxs  
pbx - pbx  
el - el  
kdao - kdao  
cardl - cardl   
ace – ace    
ejs – ejs    
looks – looks    
nigella – nigella    
arqx – arqx    
bscsats – bscsats    
ves – ves    
lock – lock    
lld – lld    
waxp – waxp    
ax – ax    
sc – sc    
babydoge2 – babydoge2    
comai – comai    
vinu – vinu    
suku – suku    
thg – thg    
pet – pet    
w3g – w3g    
ceb – ceb    
ixt – ixt    
catvax – catvax    
anml – anml    
sai – sai    
cru – cru    
zbu – zbu    
crdc – crdc    
gach – gach    
xdb – xdb    
bend – bend    
manta – manta    
kaf – kaf    
zwl – zwl    
vow – vow   
koko — koko   
fox — fox   
moth — moth   
algb — algb   
ftm — ftm   
fantom — fantom   
yolo — yolo   
mar3 — mar3   
omnicat — omnicat   
chat — chat   
loop — loop   
mct — mct   
veil — veil   
runecoin — runecoin   
tru — tru   
tin — tin   
hibs — hibs   
rose — rose   
burger — burger   
nbs — nbs      
sfin — sfin      
ws dm— ws dm      
plug— plug      
naos— naos      
pib— pib      
bts— bts      
joe— joe      
fil— fil      
sundog— sundog      
snibbu— snibbu      
memedoge— memedoge      
nvir— nvir      
club— club      
taiko— taiko      
cvt— cvt      
elft— elft      
dmck— dmck      
high— high      
blue— blue      
stfx— stfx      
kni— kni      
bkn— bkn      
obt— obt      
zf— zf      
syl— syl      
gpu— gpu      
byn— byn      
pls— pls      
ckb— ckb       
mad -- mad     
uni -- uni     
hefi -- hefi     
aidogexlm -- aidogexlm     
eur -- eur     
ribbit -- ribbit     
kma -- kma     
dogeeth -- dogeeth     
fx dx -- fx dx     
crts -- crts     
gxe -- gxe     
mtrm -- mtrm     
sonicwif -- sonicwif     
mf -- mf     
rss3 -- rss3     
gft -- gft     
pns -- pns     
exd -- exd     
bgb -- bgb     
shiboo -- shiboo     
abbc -- abbc     
bome -- bome     
flash -- flash     
ogn -- ogn     
trump1 -- trump1     
hank -- hank     
perc -- perc     
wsm -- wsm     
yacht -- yacht     
hdn -- hdn     
rosx -- rosx     
ekta -- ekta     
decentralized-- decentralized 
nmkr-- nmkr   
myro-- myro   
mojo-- mojo   
btc-- btc   
rada-- rada   
rib-- rib   
was-- was   
zig-- zig   
hmt-- hmt   
befi-- befi   
vtho-- vtho   
allin-- allin   
vc-- vc   
ca-- ca   
zec-- zec   
open-- open   
hyco-- hyco   
xua-- xua   
lunch-- lunch   
ubu-- ubu   
dnx-- dnx   
factr-- factr   
nada-- nada   
suncat-- suncat   
hero-- hero   
zeus-- zeus   
akitax-- akitax   
babywif-- babywif   
bflo ki-- bflo ki   
auction-- auction   
rgoat-- rgoat   
jst-- jst   
cell-- cell   
zai-- zai   
cob e-- cob e   
tia-- tia   
starpepe-- starpepe   
yield-- yield   
lbr-- lbr   
indy-- indy   
sgoat-- sgoat   
fmc-- fmc   
obi-- obi   
volt-- volt    
agc--- agc         
vanry--- vanry         
wukong1--- wukong1         
pepesol--- pepesol         
0dog--- 0dog         
shiba--- shiba         
gptplus--- gptplus         
wbt--- wbt         
qkc--- qkc         
gli--- gli         
don--- don         
ovr--- ovr         
wynn--- wynn         
hammy--- hammy         
acn--- acn         
pxt--- pxt         
lyx--- lyx         
stonkstoken--- stonkstoken         
lbtc--- lbtc         
xava--- xava         
kono--- kono         
taproot--- taproot         
wrkx--- wrkx         
tai--- tai         
gxt--- gxt         
max--- max         
chica--- chica         
dmail--- dmail         
strd--- strd         
itheum--- itheum         
samo--- samo         
manc--- manc         
next--- next         
rgbmemes--- rgbmemes        
gme --- gme           
tkx --- tkx           
ama --- ama           
gol --- gol           
sunai --- sunai           
plt --- plt           
wifceo --- wifceo           
gram --- gram           
swch --- swch           
wagmigames --- wagmigames           
detf --- detf           
elf --- elf           
g --- g           
deda --- deda           
minar --- minar           
apx --- apx           
bvg --- bvg           
unleash --- unleash           
bscpad --- bscpad           
srt --- srt           
coq --- coq           
vix --- vix           
spct --- spct           
uptos --- uptos           
ggmt --- ggmt           
ctxc --- ctxc           
hrse --- hrse           
seed --- seed           
mememe --- mememe           
rio --- rio           
ins --- ins           
catdog --- catdog           
digi --- digi           
ldo --- ldo           
tpt --- tpt           
dingo --- dingo           
tusd --- tusd           
dogemob --- dogemob           
sfuku --- sfuku           
pogai1 --- pogai1          
zero ---- zero          
fx ---- fx          
hydra ---- hydra          
optimus ---- optimus          
naka ---- naka          
woo ---- woo          
haka ---- haka          
ttc ---- ttc          
koi ---- koi          
floki ---- floki          
gat ---- gat          
knft ---- knft          
paxg ---- paxg          
sity ---- sity          
eloneth ---- eloneth          
reuni ---- reuni          
gemai ---- gemai          
math ---- math          
mx ---- mx          
agrs ---- agrs          
trestle ---- trestle          
fwc ---- fwc          
bcx ---- bcx          
bitco in ai---- bitco in ai            
ronald---- ronald            
evry---- evry            
paint---- paint            
mpaa---- mpaa            
nrn---- nrn            
degenreborn---- degenreborn            
drift---- drift            
gcb---- gcb            
knc---- knc            
dvi---- dvi            
bfeed---- bfeed            
hord---- hord            
aid---- aid            
trove---- trove            
strump---- strump            
legion---- legion            
ml---- ml            
xai2---- xai2            
fufu---- fufu            
banana---- banana            
neo---- neo            
ars---- ars            
brawl---- brawl            
mtms---- mtms            
clash---- clash            
dogeceo----- dogeceo             
pen----- pen             
cfx----- cfx             
neiroeth----- neiroeth             
lpm----- lpm             
aimdao----- aimdao             
rets----- rets             
karcon----- karcon             
stc----- stc             
ibat----- ibat             
cgg----- cgg             
uwu----- uwu             
nomox----- nomox             
egld----- egld             
lwolf----- lwolf             
clore----- clore             
win----- win             
sonic----- sonic             
findme----- findme             
btt----- btt             
sr30----- sr30             
apx1----- apx1             
pew----- pew             
aot----- aot             
jab----- jab             
kpl----- kpl             
sca----- sca             
pht----- pht             
megaland----- megaland             
jetton----- jetton             
bea----- bea             
trbs----- trbs             
ltc----- ltc             
mbx----- mbx             
part----- part             
cgpu----- cgpu             
celo ----- celo              
dysto ----- dysto              
tct ----- tct              
spacexr ----- spacexr              
upo ----- upo              
lfg ----- lfg              
oja ----- oja              
eqb ----- eqb              
babytrumptoken ----- babytrumptoken              
aiet ----- aiet              
sun ----- sun              
stbot ----- stbot              
iota ----- iota              
axm ----- axm              
ded ----- ded              
rcg ----- rcg              
cenx ----- cenx              
shibxai ----- shibxai              
1on8 ----- 1on8              
bif ----- bif              
pika ----- pika              
tet ----- tet              
dogexai ----- dogexai              
zkl ----- zkl              
xi ----- xi              
jly ----- jly              
seat ----- seat              
baby ----- baby              
south ----- south              
xers ----- xers              
rjv ----- rjv              
xdc ----- xdc               
rilla ------ rilla               
hold ------ hold               
wom ------ wom               
boo ------ boo               
lrc ------ lrc               
mbx ------ mbx               
eternal ------ eternal               
rum ------ rum               
coss ------ coss               
prnt ------ prnt               
magasol ------ magasol               
dbz ------ dbz               
bendog ------ bendog               
app ------ app               
aga ------ aga               
kap ------ kap               
beef ------ beef               
rtb ------ rtb               
move ------ move               
damex ------ damex               
mcg ------ mcg               
dmtr ------ dmtr               
sbt ------ sbt               
astradao ------ astradao               
sfm ------ sfm               
milo ------ milo               
safe ------ safe               
cng ------ cng               
dash ------ dash               
luffy ------ luffy               
pack ------ pack               
koin ------ koin               
shoot ------ shoot               
bpc ------ bpc               
oas ------ oas               
ozo ------ ozo               
honkler------ honkler                
babylon------ babylon                
vts------ vts                
torn------ torn                
enj------ enj                
free------ free                
rwn------ rwn                
lrds------ lrds                
tip------ tip                
aurora------ aurora                
deai------ deai                
jsp------ jsp                
trump shiba------ trump shiba                
sero------ sero                
ydf------ ydf                
luna------ luna                
azy------ azy                
botto------ botto                
gems------ gems                
neox------ neox                
tpy------ tpy                
dega------ dega                
radar------ radar                
vision------ vision                
ort------ ort                
ultima------ ultima                
fldt------ fldt                
hte------ hte                
roost------ roo